acc,loss,lr,val_acc,val_loss,epoch
0.6508728179551122,1.062554619853336,9.999999747378752e-05,0.43017456359102246,1.0548997169123624,0
