acc,loss,lr,val_acc,val_loss,epoch
0.64214463840399,0.9389151232200965,9.999999747378752e-05,0.5087281795511222,1.339928674876244,0
