acc,loss,lr,val_acc,val_loss,epoch
0.6296758104738155,1.2285713013865407,9.999999747378752e-05,0.5087281795511222,0.9583725626034629,0
