acc,loss,lr,val_acc,val_loss,epoch
0.6221945137157108,1.04251541585622,9.999999747378752e-05,0.4912718204488778,1.300090941110454,0
