acc,loss,val_acc,val_loss,epoch
0.5,0.7662085294723511,0.5590062111801242,0.6869932846252963,0
0.5625,0.6661156415939331,0.546583850931677,0.6841449748655284,1
