acc,loss,val_acc,val_loss,epoch
0.6617754952748384,1.5142697537876801,0.5228215767634855,5.403277334335929,0
0.6940572267495265,0.9620676191956876,0.6265560165975104,1.66355705663129,1
