acc,loss,val_acc,val_loss,epoch
0.5901162790697675,0.7698277047900266,0.43568464730290457,0.9114902227251361,0
0.5872093023255814,0.7969353954459346,0.4315352697095436,0.7288445330754355,1
0.6308139534883721,0.7271812537381815,0.43568464730290457,0.7547561260427182,2
