acc,loss,val_acc,val_loss,epoch
0.5625,0.6755568981170654,0.453416149068323,0.6994641512077048,0
0.4375,0.6862379610538483,0.453416149068323,0.7104726422647512,1
