acc,loss,val_acc,val_loss,epoch
0.5813953488372093,0.8245950327363125,0.43568464730290457,0.7868989408016205,0
0.6482558139534884,0.704207435596821,0.43568464730290457,0.7428529086943979,1
0.5755813953488372,0.7822616505761479,0.43568464730290457,0.9727036318591027,2
