acc,loss,val_acc,val_loss,epoch
0.5135730007555409,0.8503979427448897,0.5269709543568465,0.6920276017109883,0
0.5135730007555409,0.718534105373321,0.5767634854771784,0.6788720654254138,1
